address,is_contract,is_eligible,wallet_balance,sablier_claimable,gauge_claimable,auction_claimable,echo_balance,total_calculated_cove_balance
0xafb979d9afad1ad27c5eff4e27226e3ab9e5dcc9,true,false,434002890.74135844748928,0,0,0,0,434002890.74135844748928
0x7bd578354b0b2f02e656f1bdc0e41a80f860534b,true,false,85413553.825391811036532012,136310956.36732623016,0,0,0,221724510.192718041196532012
0x519a6aef94158a90b25846aba1fa06afef8d2323,true,true,191785000.03,0,0,0,0,191785000.03
0x790aa9ad0bbce251a6d72e71bc27dee42f626087,true,false,150000000,0,0,0,0,150000000
0xdc817ae90be7cd5f9912dc750283bd7e2b65c7e9,false,true,0,66358651.9406392693902,0,0,10710000,77068651.9406392693902
0x8e0edabecf039e31fb8699ccd03a94c22a2efc29,false,true,8384652.643566120378,30979762.813234342441527143,0,0,10710000,50074415.456800462819527143
0x71bdc5f3aba49538c76d58bc2ab4e3a1118dae4c,true,false,49156385.252123825258866979,0,0,0,0,49156385.252123825258866979
0xc0f955ed74955709adcf4c26e31f1ab4ce639d58,false,true,7500000,27881786.529680365275,0,0,0,35381786.529680365275
Echo P,,true,0,0,0,0,17850000,17850000
0x9ba385b50d4786261119c553ac5fa4ad1815967a,false,true,9768177.573133503798490613,6934844.243133503798490613,0,0,0,16703021.816267007596981226
0x5e96b3f0fd8234a0ca02c92a1afd7a6f495684c6,false,true,3333333.33,12391905.126780765591527143,0,0,0,15725238.456780765591527143
0xb18a5d38541d1547267abfa86792519239693e77,false,true,0,13271730.38812785387804,0,0,0,13271730.38812785387804
Echo B,,true,0,0,0,0,8925000,8925000
0x88a3354e5e7a34a7901e1b64557992e85aa1b5eb,true,true,8904773.116296875845785645,0,0,0,0,8904773.116296875845785645
0xd20c9667bf0047f313228f9fe11f8b9f8dc29bba,true,true,8900000,0,0,0,0,8900000
Echo M,,true,0,0,0,0,7318500,7318500
0x1a9a360ea505576d07096453d977655770a26c09,false,true,2551607.91666666666627,3317932.59703196346951,0,0,0,5869540.51369863013578
0xd24b84c386cc65c49dd596e59d950c54298cd429,false,true,5230084.835655491000364371,0,0,0,0,5230084.835655491000364371
0xc9b354464f0827d705940efa056e29b761a28395,false,true,0,4976898.895547945204265,0,0,0,4976898.895547945204265
0x20eadfcaf91bd98674ff8fc341d148e1731576a4,false,true,4779781.341918670741712695,0,0,0,0,4779781.341918670741712695
0x5bbcf1b7668adaed711466005c7319a1578d9670,false,true,0,3317932.59703196346951,0,0,0,3317932.59703196346951
0x4b7576abc3870ff017752649dad1221fc424cecf,true,true,3011873.67622388970945993,0,0,0,0,3011873.67622388970945993
0x163f0aa0b7da778953c1de995d849a826fe0c0a4,false,true,2981514.480707683154428961,0,0,0,0,2981514.480707683154428961
0x1a13c53d516f6e8321e9903f224861e74bbd7aa0,false,true,0,0,0,0,2500000,2500000
0x33d35244153ba6b1c95f4be3236855831f468784,false,true,416666.67,1548988.138059417045972856,0,0,0,1965654.808059417045972856
0x48302ba7bcdf2bd59d20f8893c0f11b431a3be24,true,false,1848205.401748567414604561,0,0,0,0,1848205.401748567414604561
0xf4880975728ee25a96c701c225c9ef58eebe5a5b,false,true,1645361.315001301364121828,0,0,52405.450053268019823651,0,1697766.765054569383945479
0x0d1a1163a1a5fe7ba5a0dce47bedf3a9650995f1,false,true,0,1658966.298515981734755,0,0,0,1658966.298515981734755
0xb44f710054aabe793a14125646badfd43791a5c4,false,true,714285.71,714285.71,0,0,0,1428571.42
0x90b28aa7df2efaaad4582afaf4d2a1c61519a245,true,false,1323364.440315199511417576,0,0,0,0,1323364.440315199511417576
0x260b37be409e29c89dfb7399ef48466cb1edfcfb,false,true,218718.003115416956329078,0,1096056.435532936752936742,0,0,1314774.43864835370926582
0x305d1239e09103efed3f8a0e5e3770345ced81d6,false,true,1253378.229741848043412358,0,0,0,0,1253378.229741848043412358
0x0a9779bfa7792970716bddf061310c0762226376,false,true,0,1239190.512430238456,0,0,0,1239190.512430238456
0x7e47df2a371fa3488963e30bc914942edcc48fe5,true,true,0,1239190.512430238456,0,0,0,1239190.512430238456
0x9bf511a96cdf1155746c70798a03be302704305e,false,true,0,1239190.512430238456,0,0,0,1239190.512430238456
0xb6c2e793074ddaea0540fcf0e6a70a7502f22978,false,true,0,1239190.512430238456,0,0,0,1239190.512430238456
0x9e7fdf330a758d3a9925d486b710fb8258a7b7df,false,true,250000,929392.8843226788425,0,0,0,1179392.8843226788425
0xe588ccbfdb206bde7b1288c7a46b8a33c9f8a363,false,true,0,0,1138064.424429997412510709,0,0,1138064.424429997412510709
0x8083a1e622da1fcc8cf8b1ac667bc480e7d0c81c,false,true,1044634.770057404731895158,0,3388.808417349278045215,0,0,1048023.578474754009940373
0x66afc16e2facf4eea0712edebe0b96c5f51606fa,true,false,971505.472226987638957431,0,0,0,0,971505.472226987638957431
0x4d840966887673132ec61ab4ffb5e3c26cb1f4bd,true,false,860050.5581124467078614,0,0,0,0,860050.5581124467078614
0xac946b1649a7e8dd94b045d0958c15bec8e98361,false,true,0,0,846340.394182899219112861,0,0,846340.394182899219112861
0x7d7e8562bf34cfe0e665535f8bbd6538ec94cfc8,false,true,0,829483.1492579908673775,0,0,0,829483.1492579908673775
0xbb49444efe86b167d1cc35c79a9eb39110dbd5e3,false,true,0,829483.1492579908673775,0,0,0,829483.1492579908673775
0xd14f57283d1487f7bec9a3b4ccfed80930bbc91c,false,true,739041.30690349968,0,0,0,0,739041.30690349968
0xa3979e4748c1b99c6d1298c3bf5da9cbb782ef4f,false,true,737210.325078560090968535,0,0,0,0,737210.325078560090968535
0x114fc13bdf5fefd6d83ea17d7b4ce7447712f08c,false,true,0,714285.71,0,0,0,714285.71
0x88cd106fd4002921d71358455ff95c1af8b951b7,false,true,0,714285.71,0,0,0,714285.71
0xb865aaf1f9f60630934739595f183c4900f65ed9,false,true,0,714285.71,0,0,0,714285.71
0xf3b1b6e83be4d55695f1d30ac3d307d9d5ca98ff,false,true,0,714285.71,0,0,0,714285.71
0xf53d1fb2eed22cf1e8f7e90da7f1cae88344065f,false,true,0,714285.71,0,0,0,714285.71
0xf872703f1c8f93fa186869bac83bac5a0c87c3c8,false,true,0,714285.71,0,0,0,714285.71
0xc9f69ff262e45c289d8488c59f46900915d9f352,false,true,293804.454037475592538726,0,396087.84106922723663353,0,0,689892.295106702829172256
0xc42317a82e6a0e5ef0a889bca7dbe59ad94170b0,true,true,0,663586.519406392693902,0,0,0,663586.519406392693902
0xf7f0108a699752a8967a699e66076f5be100d4c8,false,true,0,663586.519406392693902,0,0,0,663586.519406392693902
0x77796c658d75a232ecdbf92c5d71ec082f735780,false,true,658990.68929259186604591,0,0,0,0,658990.68929259186604591
0x0497ededbb17e27d200f9fc7fd2e4f727970246c,true,true,646686.645159774535300391,0,0,0,0,646686.645159774535300391
0xd8c2e378c699b7e3e5f97cf4f0f46741296d8cbf,false,true,634384.426973275696583601,0,0.098759053360858149,0,0,634384.52573232905744175
Echo A,,true,0,0,0,0,625000,625000
0x11c9ac11ce9913e26faa7a9ee5b07c92b0c8c372,false,true,270932.329393836559088202,0,350890.291955917850091632,0,0,621822.621349754409179834
0xa387f2c32f92b2fb8807f5617e7cbe0e20ac4ff5,false,true,617404.440016879027644507,0,0,0,0,617404.440016879027644507
0x2f3715f710076cfdb5aa872bc8a4b965a07c3a08,true,false,575736.774234976304509319,0,0,0,0,575736.774234976304509319
0x3b2e01ad27b70fbc2a21af2972e00e85d2b1cfff,false,true,557996.344015481009140215,0,0,0,0,557996.344015481009140215
0x23b72fad7f7695b78f7ab0fc1df724dde8e02938,false,true,523008.483565549100036437,0,0,0,0,523008.483565549100036437
0xc688a50acd33cdcba91760f58290fab20bc11095,false,true,517438.183266498298637448,0,0,0,0,517438.183266498298637448
0x40c31fb3e70289d0e249b3bedadb110559b26a2c,false,true,0,497689.8895547945204265,0,0,0,497689.8895547945204265
0x655e38510af137c7988cbfaa4968cbd3fb7ac13f,false,true,458113.926235010157304171,0,28375.768970342425928881,0,0,486489.695205352583233052
0x45380b6249a1005bec67928af03b8aa8ec4eadcc,true,false,468838.625305725666255702,0,0,0,0,468838.625305725666255702
0x3c927ac5a2356509e956acdfdc8fd90a5942997d,false,true,99901.450913242008933,331793.259703196346951,0,0,0,431694.710616438355884
0xf750c238ce033afc224c2e57d0fcb86e64db0221,true,false,356658.969661420295706155,0,0,0,0,356658.969661420295706155
0xba15e9b644685cb845af18a738abd40c6bcd78ed,false,true,352946.66334087271106174,0,0,0,0,352946.66334087271106174
0x81ee1680cb1cab49933b9523441598f10bf81bf3,false,true,0,331793.259703196346951,0,0,0,331793.259703196346951
0x2bcc065433c608b2e71ea80405e260ca9b40ff65,true,false,306461.647090326903950778,0,0,0,0,306461.647090326903950778
0xdd2a7af04425bef8b77890423b3591c475e21a21,false,true,65148.663048545400219402,0,239605.363351219825228548,0,0,304754.02639976522544795
0xd50550844a08a443f1e1e7d78e4b596054475352,false,true,112980.821061643835517,165896.6298515981734755,0,0,0,278877.4509132420089925
0x7c37d1ca716c4519becc9bc0ceea065c88caf98b,true,false,251056.278406058627832568,0,0,0,0,251056.278406058627832568
0xf39ed30cc51b65392911fea9f33ec1ccceee1ed5,true,true,0,0,0,0,250000,250000
0x9a4cc33f91637b2cfc910979226db9a0a57794e2,true,false,244176.389362767231660744,0,0,0,0,244176.389362767231660744
0x59779a92636a002bdf89fc0b378382b6c14be012,false,true,238023.398786100828307122,0,0,0,0,238023.398786100828307122
0x6b6c51c444fea186e7dab8963730f37faff1db16,true,true,231490.810239843582082485,0,0,0,0,231490.810239843582082485
0x84119e837dbef0f4fb877681687a2869b220533b,false,true,0,0,228975.931501753346529396,0,0,228975.931501753346529396
0x4b0aba5b8501f215c2c13cc7ce4ef857d5a4f67c,false,true,213368.479731640454,0,0,0,0,213368.479731640454
0xd58c63a6920222df6b0b6ab93cf6d4cd65b7c92a,false,true,0,0,0,209203.393426219640014574,0,209203.393426219640014574
0xb5ab290e152290b6bd5bdb04e23236d3f9d4aaec,false,true,203508.962806696896,0,0,0,0,203508.962806696896
0x185f236ad1a5d8c4b115083b2b45de6a6c896ace,false,true,170781.07833022102608771,0,0,0,0,170781.07833022102608771
0x0b552621e280455ce49c9688b4067d6879f2a0a5,false,true,0,165896.6298515981734755,0,0,0,165896.6298515981734755
0xc957ae3159829ce42327b04e908278bec02c31b6,false,true,0,165896.6298515981734755,0,0,0,165896.6298515981734755
0xd056666321700092b032b2571431b2478cd6512e,false,true,0,165896.6298515981734755,0,0,0,165896.6298515981734755
0xda8639c78581e447a41cecbaf1122c73a0148f92,false,true,0,165896.6298515981734755,0,0,0,165896.6298515981734755
0x6792c4bdc1b45efa131ecca985a28ef5c4622e48,false,true,164159.248985887195764387,0,0,0,0,164159.248985887195764387
0xdab3c4241c4dffce092d02a9bd56d95af7279c8f,false,true,0,0,0,156902.545069664730010931,0,156902.545069664730010931
0x5f1f1c81897430f3ec09d829f99f49549dd3b742,false,true,153351.619743890849116301,0,0,0,0,153351.619743890849116301
0xf4b69a6bcd1df132b3918efa816d58aaebd36e83,false,true,146015.677474733262795227,0,0,0,0,146015.677474733262795227
0x8061199a31983a077e691c08b2263a4cf5c24093,false,true,138882.437946278578305984,0,0,0,0,138882.437946278578305984
0xc4a61a87893ca17186bf70194f9605e4e40cccd1,false,true,0,0,0,0,125000,125000
0xeb078b73480913da1600db247478ded62fd0e3c4,true,true,0,0,0,0,125000,125000
0xc3dc65bd20124cd2f3a6ab82aaa123fffbda7f56,false,true,124708.081298931997757144,0,7.815211035492984854,0,0,124715.896509967490741998
0xd33a97de61e09d26937dd8cf5f7fb511b82ddcc6,false,true,124244.798479984636060735,0,0,0,0,124244.798479984636060735
0xa27c737382692be2ac57589fa6a97f672c96361d,false,true,121777.841059584422090325,0,0,0,0,121777.841059584422090325
0xb0f1e67f501ee0d3e7c546c4a0b372bbb5bd3cc7,false,true,113167.394238661508697525,0,0,0,0,113167.394238661508697525
0x62aabd981fc0b1538e16ffb3d47ada4feda9e585,false,true,0,0,0,104601.696713109820007287,0,104601.696713109820007287
0xf173e9d342de933be804c165aa068fa910b9f647,false,true,86586.557298285468540093,0,7212.385950305270242705,0,0,93798.943248590738782798
0x9469dbbce6001c4eef16aeec7cf1d9a539f4cced,false,true,93315.101124759222,0,0,0,0,93315.101124759222
0x6b5b5f2de5fb8ac403c2632a21b55efc4dcc1ed3,false,true,82263.011060323583643829,0,0.788403273838749332,0,0,82263.799463597422393161
0xba55bdbf959df826da6c35487eb15fad2164662d,false,true,75075.266384540356562645,0,0,0,0,75075.266384540356562645
0x92bedada759c60a9bee39c3516ee7885621c3bda,true,true,72670.061989045081285954,0,10.079975903901975617,0,0,72680.141964948983261571
0x8842fe65a7db9bb5de6d50e49af19496da09f9b5,false,true,0,0,70572.573008044295735834,0,0,70572.573008044295735834
0x88c868b1024ecaefdc648eb152e91c57dea984d0,false,true,68279.842342224948979862,0,0,0,0,68279.842342224948979862
0x9e9fca8212355ce0a26d6a96f227750b189efd9a,false,true,172.989408011843462328,0,66930.314653363248264826,0,0,67103.304061375091727154
0x406cbfc2d391bed42078138165465128b4e0cb06,false,true,65899.068929259186604591,0,0,0,0,65899.068929259186604591
0x93291f280270c459c33cebf715a46d1f65c2c937,true,true,64580.838096175049002782,0,0,0,0,64580.838096175049002782
0x4e69d3b01a5693dbff8dc0ad340ebf816b38d162,true,false,64552.252593976852057565,0,0,0,0,64552.252593976852057565
0x8c1938750caf4b1f9f97174a6228eae705148d5e,false,true,63268.343168804085872309,0,0,0,0,63268.343168804085872309
0x8998a2a3bb4df7cc54b6c4e662966012afa36e46,false,true,62911.867381116537134205,0,0,0,0,62911.867381116537134205
0x8ba60b93055713b86a952102239d894de4b85ab9,false,true,55278.88332154468,0,0,0,0,55278.88332154468
0x86af119665d4fb173ae9d8b6e326a99276d85baf,false,true,54746.559395577421318202,0,0,0,0,54746.559395577421318202
0xb8b9e3097c8b1dddf9c5ea9d48a7ebeaf09d67d2,false,true,52265.649150496022469644,0,1360.348345316091721218,0,0,53625.997495812114190862
0x1b77716e3b3b08e013ec153e5611b703f83856a5,false,true,52986.291627784984450809,0,2.630226592336519676,0,0,52988.921854377320970485
0x1d0b43e7b1ecaa0d5c0d9520e68b2f61a498d53e,false,true,51651.9310550029,0,0,0,0,51651.9310550029
0x9a0daf9b27e4e03278d15fd086c7796c1bec62d6,false,true,46484.258431860713625685,0,0,0,0,46484.258431860713625685
0x142b9ccd60ec7a0da58b1e7ba1a09d6f939cf9bd,false,true,46125.079114270665756138,0,0,0,0,46125.079114270665756138
0x4a343e8adc02f4258953100e8b1a4097fac96115,false,true,45146.488914681282,0,0,0,0,45146.488914681282
0xa0716819129f9aa6bacd8b00764413eaf1912646,false,true,10791.844859414320200913,0,33113.969241148487399058,0,0,43905.814100562807599971
0xf4b40b20572d117ead7b5ca3c7eff7d3cbdc4067,false,true,43903.142119014057326784,0,0,0,0,43903.142119014057326784
0x99d5a75dd2866b61b4404a41359731806ea95780,false,true,42269.518786675513972789,0,0,0,0,42269.518786675513972789
0xec85b265c130abbc0d7342fbc3585d5e0611b7e3,false,true,41777.323849736454711039,0,0,0,0,41777.323849736454711039
0xea9991acee7d9d56f591947177d1bcd23a8f894a,true,true,40966.742084170732050917,0,0,0,0,40966.742084170732050917
0x76867e1eac6a3ccd29ea81eff4a713067bc386b5,false,true,0,0,40001.661464576263978527,0,0,40001.661464576263978527
0x0fc59c9c998537c940a9dfc7dacde533a9c496fe,false,true,0,0,39006.859665387327245515,0,0,39006.859665387327245515
0xf4e7ff66fd3d1c33b3020ffa575c33cb2968082d,true,false,38852.697415810290644836,0,0,0,0,38852.697415810290644836
0xc1c1fdadd3f76ff4e34f6f3f0b00f4db9b539a8f,false,true,38523.98674761273908573,0,0,0,0,38523.98674761273908573
0x69be08e37274f9d321e00c7e19cc0e96fbb70d23,false,true,0,0,35945.233779299875601872,0,0,35945.233779299875601872
0x9f80ab805e4a0f66d0a73c4337fd4e2d60b678d5,false,true,35116.652718769097263161,0,0,0,0,35116.652718769097263161
0xee620a0991d57f464aad452789a4564ba51245e8,false,true,34518.559915326240602404,0,0,0,0,34518.559915326240602404
0x0d146f543a11d8a1753a7bb42ae556915796dbbb,false,true,33472.542948195142402331,0,0,0,0,33472.542948195142402331
0x7c6accd51cbbdd53354de581841803b4f79d48e7,true,true,31485.868447745400213259,0,0,0,0,31485.868447745400213259
0xf9107317b0ff77ed5b7adea15e50514a3564002b,false,true,0,0,0,31380.509013932946002186,0,31380.509013932946002186
0x007273f8d16de01747b10c57ee7a7d99fff30bbb,false,true,29727.16004229001,0,0,0,0,29727.16004229001
0xd3e0be9c7f600f1a55f4e8f46c247b383f22a442,false,true,29339.024517006778136092,0,0,0,0,29339.024517006778136092
0x0d79c051f29843a09bb035c9f7d14e2a8d3662f8,false,true,29288.47507967074960204,0,0,0,0,29288.47507967074960204
0xed08b03baeab9eef24f8aaa7c752f34a3264992e,true,false,27148.555977169062362256,0,0,0,0,27148.555977169062362256
0x84c51f3634e80c1552bddaeabedf24608d5aa091,false,true,24697.236937099968779861,0,0,0,0,24697.236937099968779861
0xa01d4dcfaba20214258c5956660fc63f1cab8bf3,false,true,24484.456561994342467426,0,0,0,0,24484.456561994342467426
0xeec9a853ab6270ec0dbc333c1eb4b59a4b9e4d82,false,true,7040.763837124842386917,0,15860.96970489248161219,0,0,22901.733542017323999107
0x1eb1d7fec395748cff0e437f4b3e8a850550987d,true,false,22863.655240513857078133,0,0,0,0,22863.655240513857078133
0x0d5145df2e3fbce8a03ccc3486960d469b2f7698,false,true,22554.7586286751455,0,0,0,0,22554.7586286751455
0xc4671ae26df345b391a270920f324b089bb8d0c5,false,true,21972.021622043548569883,0,0,0,0,21972.021622043548569883
0x98b69d0b81fb1966ebe0af76789425706e5afe7b,false,true,103.957853389285229468,0,7979.72349902465907717,12552.203605573178400874,0,20635.884957987122707512
0xc257145b1337717177686826ae65404d8580b181,false,true,20534.132623653463,0,0,0,0,20534.132623653463
0xb3f09f6d5d1d22579383e56123b7c360f343e255,false,true,0,0,20001.148342761566154101,0,0,20001.148342761566154101
0x318098f509d52c2f528112126387b6d7b1b96a91,false,true,19959.307211622651606104,0,0.181733259356944945,0,0,19959.488944882008551049
0x34cd8a21e92b0abd558ff02d6cc7a9e12daf0ff1,false,true,19019.974597546392099391,0,0,0,0,19019.974597546392099391
0xc6ca65dfa134481a0910bbe0bfa9a38c76012217,false,true,17325.442063647039848478,0,0,0,0,17325.442063647039848478
0x17fd68f4f3035a1b51e6e662238784001f76a8f9,false,true,14723.092187667745249778,0,0,0,0,14723.092187667745249778
0x093f4fca4b71912edb33b2d4bb92e5b85658d833,true,false,13558.407936995294934655,0,0,0,0,13558.407936995294934655
0xb5907b7913f4dc10c5c0fc75c570c7d78d16768f,true,false,13541.565222206251100682,0,0,0,0,13541.565222206251100682
0x6f7a6151781f9feac839a7c1d69fc029d654ffc5,false,true,13200.63870730751,0,0,0,0,13200.63870730751
0xc147e72b774ef5ce39b6d77d87a297a2d8804a4d,false,true,12056.000621122647136586,0,0.257035850613507408,0,0,12056.257656973260643994
0xfc4605b7046b3fb512b69ae91918b9305f1c4254,false,true,10871.701841061268349902,0,2.850169933450177732,0,0,10874.552010994718527634
0x731ba6d73718e86d6b12fd373d648862de3f4056,false,true,0,0,10201.809605839176433883,0,0,10201.809605839176433883
0x5a9a201007cde8b95e70c0c0cedd50f26b6ba047,true,true,10000,0,0,0,0,10000
0x5398850a9399da87624874704feaa8a9c6c4089b,false,true,0,0,9456.674737876917867835,0,0,9456.674737876917867835
0x99b40b9b57c370aca09de4f58d26e2dec9086e1b,false,true,8240.994527934526,0,0,0,0,8240.994527934526
0x76337b85c89bb576bf9ca773ebf40a2b057d39fd,false,true,7699.219149087212514109,0,0.019186512665759631,0,0,7699.23833559987827374
0xfa4ebcb83902bb1106b85bb3d4916dfd72e06721,false,true,7352.92620940858839241,0,0,0,0,7352.92620940858839241
0x8c1974c20766c7013c65a026cfd28a7e8f7307be,false,true,7230.904127628893,0,0,0,0,7230.904127628893
0x77375a8c9d13bf79afb2a87f1b0ac1dfd5f5bf66,false,true,1366.11367289050465212,0,5693.001604599695784139,0,0,7059.115277490200436259
0xb4f99cbce0620227c22b03fdaaae9ae98e1f0180,false,true,6714.723617430288306522,0,1.18094129193389441,0,0,6715.904558722222200932
0xeb788c3fcd60df7687ce55bb20bbcb5238c72133,false,true,6556.8706311188097,0,0,0,0,6556.8706311188097
0x3b10256766a47d39d3ed484cf7c6c10987d0f33a,false,true,5844.2360244744004,0,0,0,0,5844.2360244744004
0x3cc561c1276cccf56d74cc6d65c516ef88a998d2,false,true,5825.190844584822903484,0,0,0,0,5825.190844584822903484
0xb157ee8325ae8e0f5a5907e71c0871fda62748d8,false,true,0,0,5337.698674032010305165,0,0,5337.698674032010305165
0xf3fddc9e2852b857177787dbe53ea9e994c7001a,false,true,5020.881442229271360349,0,0,0,0,5020.881442229271360349
0xaa371e26742290063d92f0bd7197ac2d8d3ac4f1,true,true,0,0,0,4972.521121227345848111,0,4972.521121227345848111
0x361042cb65a69efde49bf68ceca58e4f44d6ced1,false,true,0,0,4140.541413713951355422,0,0,4140.541413713951355422
0xd08b294dbd8bc760c57abdec26515da626511b40,false,true,1222.811863321534381651,0,2908.604768018579484655,0,0,4131.416631340113866306
0xb1246c58ee52c93876a920e23e5f50f29a9a501f,false,true,4106.788509438581057497,0,0,0,0,4106.788509438581057497
0xb758ee178889307fdc2139ccae910902b4febdd0,false,true,0,0,3896.670221551101797711,0,0,3896.670221551101797711
0x64df7af696e0977771a0e1e1b1a8dd22ded3cf4b,false,true,3567.794716572478678155,0,40.821405415557127749,0,0,3608.616121988035805904
0xbed03239b3180534e374729c889aee3b0d08c2ca,false,true,3536.5511587851807,0,0,0,0,3536.5511587851807
0x7e9a6b14e78bf18bd483d208af423b96ab5075a4,false,true,3520.673830892007768785,0,0,0,0,3520.673830892007768785
0xd854a1dcaa1dfa18c605990ac690733322db2392,false,true,3388.663915769689,0,0,0,0,3388.663915769689
0x7f3e244e9d8fda47db77d7a24e21bfb21894fc38,false,true,3098.24433514148034306,0,0,0,0,3098.24433514148034306
0x076a3a0f275cf990cf7822566c49da93f5d6bb39,false,true,2787.384187520794836292,0,0.222523988228746834,0,0,2787.606711509023583126
0x9f80c8d0b75b997a78c040ca85b2d9ab52183c46,false,true,2516.769538034480564743,0,0,0,0,2516.769538034480564743
0xca0073964efe7f9422ceb16901018b1db0cc4785,false,true,2412.9477543396029,0,0,0,0,2412.9477543396029
0x09a36023b391a92df86fdfe66e4182cb25959c80,false,true,0,0,0,2358.633174710196741599,0,2358.633174710196741599
0x0c60ff4329092bc36018823404ad459605911210,false,true,2200.18831375788366634,0,0.042649461049301898,0,0,2200.230963218932968238
0xcca0280916bb0cadcf4a9a61e9f97100c3740e51,true,true,0,0,2192.846813601113141207,0,0,2192.846813601113141207
0x89e49fba0772065cb6ee28628dcc79643066e9a7,false,true,2139.765069947152121741,0,0.831191921512554232,0,0,2140.596261868664675973
0x2e8ec5869a941a91a05c53b9bae9a1c28fabc0f1,false,true,0,0,2027.838118661577589185,0,0,2027.838118661577589185
0x72f5fa348168bb0b796a3b09e861f0301be88d99,true,true,0,0,1721.140893033281093896,0,0,1721.140893033281093896
0xcbd4456c89ab9070456a283211018e7d8f535acc,false,true,1493.842011886049,0,0,0,0,1493.842011886049
0x5c5d1f39d21e304c4664e933c50def24a5c66d86,false,true,0,0,0,1359.822057270427660094,0,1359.822057270427660094
0xa3b4582bb037cee2f4ac4cbe80115f3afae2d2b4,false,true,1335.726260733049,0,0,0,0,1335.726260733049
0x0acb7027d927a5e33643684e3e1a3b2eda10c8f9,false,true,1323.9430858886223,0,0,0,0,1323.9430858886223
0x6f02bef0584e5c0986823cfc56af4ffefb05df02,false,true,0,0,1190.841565044290520832,0,0,1190.841565044290520832
0x99c2e4708493b19baa116e26dfa0056f5a69a783,false,true,0,0,1116.611575703984449232,0,0,1116.611575703984449232
0xc513fb4b979f1cefc43682ca7ab4a19cee1cacc2,false,true,1040.630577205459564444,0,0,0,0,1040.630577205459564444
0x2091b12446f0e79cc5ea6657ed52a9dee5ee91a8,false,true,1039.8772169546793,0,0,0,0,1039.8772169546793
0x1b78284595ed8468608da05aa02933b84c6a4183,false,true,0,0,1023.815383764542148058,0,0,1023.815383764542148058
0xac0ba417f93682ccc27723bbfad2128bfcff6dc6,false,true,967.9288531103495,0,0,0,0,967.9288531103495
0x8450a7852495dafe063c3e436d0750698777965c,false,true,887.89663178478135069,0,0,0,0,887.89663178478135069
0x719a143654a0c4621f49fa77077800ef3f5c3b40,true,true,856.173608665320414866,0,0.100319350362091791,0,0,856.273928015682506657
0xfe4339b67d1537de30eb0ed935a9fbeb74c23572,true,true,793.397666133124617894,0,0.032351766857020764,0,0,793.430017899981638658
0x0f7122088a123374b6feb63ca492397e1d47aac4,false,true,774.217793988588008066,0,0,0,0,774.217793988588008066
0xbf8d2d9e081a7735da9522f58ba922269f517feb,false,true,768.123431718670683457,0,0,0,0,768.123431718670683457
0xe1fa562b56c402b31096cf5ab826c2e4f5ed0fae,false,true,741.6353507608948,0,0,0,0,741.6353507608948
0x5523f6f7979ac2d905a440644d5b5911b9801d70,false,true,719.022985861870931437,0,0,0,0,719.022985861870931437
0x2d749b5d13ffecda9c410139332ea4d119749f4e,false,true,633.97028009612114,0,0,0,0,633.97028009612114
0x0ab4b2f1a5cf3d72206cc1415b8e88ef9c698423,true,true,594.9197715057799,0,0,0,0,594.9197715057799
0xe23365c811ad61a3f9954c9f0614fca0f257152f,false,true,538.357156972939939836,0,0,0,0,538.357156972939939836
0xe7dbde2edfbf9bf3117fc2c49c524dbff2bfd76e,false,true,520.1521936233477,0,0,0,0,520.1521936233477
0x3b2fcff786797c9a8fad856fa07bca948f5d7562,false,true,513.35331559133657,0,0,0,0,513.35331559133657
0xcda66f75f4ced13b8bd7fe15fe2023ddf8c0d14c,false,true,483.806532773508062581,0,14.992573585319685891,0,0,498.799106358827748472
0xb625a2a5847368bbe0b719425b6edc12f8ccad58,true,true,442.75695419714881,0,0,0,0,442.75695419714881
0xa74e0b738b053d9083451bbab84c538ff2cc701d,true,false,427.368513407116300005,0,0,0,0,427.368513407116300005
0x539edd96b903c6bfda5a54a28a74a85432309a88,true,true,0,0,419.055269077869811325,0,0,419.055269077869811325
0xa1fc03e69e031ae9682b6e1b2c9669a33de39b09,false,true,374.731465901190407821,0,0,0,0,374.731465901190407821
0x53994780d09c4dc01d4d3cbd043ecb8c95fd9a2a,false,true,360.6053331487526,0,0,0,0,360.6053331487526
0xae6a14c93facd9d465276d634fb32ef67170e15a,false,true,0,0,355.464663446966891378,0,0,355.464663446966891378
0x62d028c368fe942e1e036c136d446f88c5927e53,false,true,350.768790988965635042,0,0,0,0,350.768790988965635042
0xd3a01182853ea36aa0e993f78ed902d6b4a51deb,false,true,288.028733341345559795,0,0,0,0,288.028733341345559795
0xa8702682eaf4cd1dda10fae3d5b8757313cf946f,false,true,285.87999237266853,0,0,0,0,285.87999237266853
0x1023a61b5600bb56f034a1a5830d76e13c1c3e0e,false,true,273.897414316214699713,0,0,0,0,273.897414316214699713
0xe64b5ccb599e704147714ae235421f09d4ef4b89,false,true,262.343714210086764137,0,0,0,0,262.343714210086764137
0x874c4eeb8329f0288fc1d28924495ca401e732d6,false,true,251.752103752476194944,0,0.004415004461360069,0,0,251.756518756937555013
0x665f44e3c2d7a9d6370e2c682a7d2e88047147ea,false,true,0,0,231.879103897018181272,0,0,231.879103897018181272
0xa1e3614272d5cfd45ace2ae49fae2935e6f25d27,false,true,221.84745381573086,0,0,0,0,221.84745381573086
0xb93fccb5a0873fbd1cd39e1310946636a2121e80,false,true,192.37218194111805,0,0,0,0,192.37218194111805
0x93171550cea2db3f74350cd5972239b25cf80b70,false,true,0,0,175.500655934297345529,0,0,175.500655934297345529
0x1dd9d35b3fa0d39e9f2f12100c1647260ad22331,false,true,169.7299424411009,0,0,0,0,169.7299424411009
0xfe82db7707fccc6e69f272cf3489ec972224ad5d,false,true,168.24057951563714,0,0,0,0,168.24057951563714
0x6553e84f5de03f84746bf9cc25f66781bec10d8e,true,true,133.354323558293362188,0,0,0,0,133.354323558293362188
0x2200168e9de8eecd7453b2b53b72106aa0fabef0,false,true,0,0,130.673757686412497704,0,0,130.673757686412497704
0x200eb30501e2f52e01a65e6ba9a0265544dafaf6,false,true,117.09631011621489446,0,0,0,0,117.09631011621489446
0xcd9aa0f51ae128575af8b62e14c5b2e2baf8a153,false,true,0,0,115.927510514845958921,0,0,115.927510514845958921
0x946529ba8ef6fa109621fd3351e4ff4465be6398,false,true,7.869901100217723937,0,105.725644211736604346,0,0,113.595545311954328283
0xcf5ab63a93dcbdd9bd46128cdeb7b4d8c760da67,false,true,105.210880777303115,0,0,0,0,105.210880777303115
0x38099008b2b669db5471993fc674ee275387b55c,false,true,0,0,104.930423844762684766,0,0,104.930423844762684766
0xf9e18a6ae4a822f8b223494c2b9683194bb3269f,true,true,104.44605926778486954,0,0,0,0,104.44605926778486954
0xe6dbdeec774b76f9841d775bb2b1fe0ebe10b1ef,false,true,103.652077140670437997,0,0,0,0,103.652077140670437997
0xa35c2558235f1d14c198377c17a9cc64d6306bde,false,true,102.522661821311829,0,0,0,0,102.522661821311829
0xc0509a3ce4225410c94029c3834e493b9d7e89f2,false,true,100.883801061453234,0,0,0,0,100.883801061453234
0xfdaed8c049bcd81ea72a6278854dc890f19fb69a,false,true,95.394277193307900647,0,0,0,0,95.394277193307900647
0x346a841b067fe2c59e7431a6ff088371b1aab67c,false,true,76.807050680073846822,0,0,0,0,76.807050680073846822
0xd8692236d0d9010951f15b69092e12fcdc1601d3,false,true,63.969778952514819898,0,0,0,0,63.969778952514819898
0x4283d7ab31ae0c2dec23c14e4926e48a79a2b4d2,false,true,62.593733342299715754,0,0.399867197282751537,0,0,62.993600539582467291
0x8e1c0c05f253c835f156db85ec5b3876c800aca0,true,true,50.306150506515246653,0,0.003554096484903171,0,0,50.309704603000149824
0x1babb042ddcca9064eb01a054bcdbf5ceb102592,false,true,48.345167142265267,0,0,0,0,48.345167142265267
0xbc23e962aa6d71b409802e3def69f2212a2005b4,false,true,0,0,36.661080946188289788,0,0,36.661080946188289788
0x914b431a0776b87c2b5fb2e7a3494be8455a5bca,false,true,31.401396388961285347,0,1.935355347901866945,0,0,33.336751736863152292
0x83b5654564caee5c8e86a314b4e62330db99ce16,true,true,28.819251792810353,0,0,0,0,28.819251792810353
0xc8dfd6f682efc54983ad7564b84becc5ab0b64d7,false,true,27.81665075838553,0,0,0,0,27.81665075838553
0xb69b0242d57d01b0f710c33a311435234050f5b9,false,true,27.253278840879198603,0,0,0,0,27.253278840879198603
0x20a7cd00296933c7765f0187bd1d0763f394732b,false,true,25.643423592423224,0,0,0,0,25.643423592423224
0x263b5394e4b3366c0e1a2b6887eb8a39478f43b4,false,true,25.301077653313025401,0,0.054116408617239436,0,0,25.355194061930264837
0xef85fc2457161b9fd358cc59decea8d1e21cabd2,false,true,24.601386061642626044,0,0,0,0,24.601386061642626044
0xd4ec8258a7c54cca02a76e5b12406e28943d12ae,false,true,11.334328884271712,0,0,0,0,11.334328884271712
0xa5075a6c79cdb5bebd542724315a9733fc4ba3a9,false,true,0,0,10.958552932039024234,0,0,10.958552932039024234
0xd80267de5ed5de6f7d6c66986b17b138fe2e1220,true,true,10.537897815474848,0,0,0,0,10.537897815474848
0xc5e116971dc612316ced320f2702bdb440c899ba,false,true,10.2522661821311819,0,0,0,0,10.2522661821311819
0x08d81572340e7b8205cb57dd78089f8fa6ea7139,false,true,6.825229868175192,0,0,0,0,6.825229868175192
0x50ce06ab2404c72fbd57620ea8aa0e282065a831,true,true,2.989773014986851,0,0,0,0,2.989773014986851
0x4570d5b4177cf209944e8e3fb1f2a77021ffd5c5,false,true,0,0,0.94733663953869799,0,0,0.94733663953869799
0x3c20eb2ec08f2658cb81503c54e6fc5a435191d2,false,true,0.000103698016441909,0,0.685744405557942569,0,0,0.685848103574384478
0xf36265d3bc945ff236eadcf58820ad1d6e59d497,false,true,0,0,0.612226101926641382,0,0,0.612226101926641382
0x8a1a66ccd6b5652a19e927308529c3a5bc7a9605,false,true,0.281585234063317366,0,0,0,0,0.281585234063317366
0x6aed1e291fcbcb5486f6d130af96dba39882b02a,false,true,0,0,0.163666012161034641,0,0,0.163666012161034641
0x4edb5dd988b78b40e1b38592a4761f694e05ef05,false,true,0,0,0.055461731895267846,0,0,0.055461731895267846
0x00236feeac26ef92552e3981096350d136084c64,false,true,0,0,0,0,0,0
0x06ef623e6c10e397a0f2dffa8c982125328e398c,false,true,0,0,0,0,0,0
0x0841ae807bebe6d5cc345e170680c92afa59a11a,false,true,0,0,0,0,0,0
0x124eeaa9eeac1ef7101dfa240e154cd22630374f,false,true,0,0,0,0,0,0
0x15633dc0ce383babc96fdcdabf08a29e87ce53e3,true,true,0,0,0,0,0,0
0x1cc4608576db10bb7879e6067bfbef9c4bb79055,false,true,0,0,0,0,0,0
0x1f78e719b872f36578f046d63b7c678333b87b08,false,true,0,0,0,0,0,0
0x2f34de5c2b03fa418006436ece472bbe7522f287,false,true,0,0,0,0,0,0
0x311f93fdf0fc04feea644b78567d70373f71a645,false,true,0,0,0,0,0,0
0x3327744318b8b0ee79159b7f742fe0b378f93df8,true,true,0,0,0,0,0,0
0x36ad673d72c4b7da864717070a8a448c8776c72f,false,true,0,0,0,0,0,0
0x3ab3482a076ba8bbce9274370d84720b1d5b7e94,false,true,0,0,0,0,0,0
0x3d4567d5482527179207d838af18fed493c46ae5,false,true,0,0,0,0,0,0
0x428e0c8fa5ca54e7c6c561140ebe2cab5665a222,false,true,0,0,0,0,0,0
0x4d8075d478d9719ea63b0a940735cfddd245c773,false,true,0,0,0,0,0,0
0x560ec1138e59d97f99da57b1e38a97d7d282987f,false,true,0,0,0,0,0,0
0x5dababaddd54f208f3fe18d98e9771dea3f441ee,false,true,0,0,0,0,0,0
0x6ee88c946cc0f94194242446749e52cbdbaf0759,false,true,0,0,0,0,0,0
0x7258cc067a5427860b3e8f19d6b4b387224ff554,false,true,0,0,0,0,0,0
0x80b3153f39aeec1ef68adc038913698e103e6e1d,false,true,0,0,0,0,0,0
0x81d3bb14a96001eebfd8f06fc5288fb52b7bee4b,true,true,0,0,0,0,0,0
0x88eb02e3e9a74aa7b9eb2b91af504b9a156be59d,false,true,0,0,0,0,0,0
0x9008d19f58aabd9ed0d60971565aa8510560ab41,true,true,0,0,0,0,0,0
0xa78ae49aa84c3051e6038d42013f7eae0274ad71,true,true,0,0,0,0,0,0
0xa8231b0b489b83cdee85bf19c1e60d35a3c37a25,false,true,0,0,0,0,0,0
0xa9f65fee721573dbfa586231a01ac880f92f494f,false,true,0,0,0,0,0,0
0xacdc50e4eb30749555853d3b542bfa303537ada5,true,true,0,0,0,0,0,0
0xb82be987cf6f25d0f040ca4567e3dacb4b92aa91,false,true,0,0,0,0,0,0
0xbbe2317fc28a7bb06c21bd9d72ffb0d195e20857,true,true,0,0,0,0,0,0
0xcaec2d1b14f5288a2ef8fdbe8f69d650c1eae41a,false,true,0,0,0,0,0,0
0xcb4e080d54c436d7adeea4cc81f62f5c21e72351,false,true,0,0,0,0,0,0
0xdaab83df7aba7f4138928566d5a17161004bee1b,false,true,0,0,0,0,0,0
0xe629d73b655d5c5307a2b1d7439fa6c5b48b710f,false,true,0,0,0,0,0,0
0xe98f4f21127386169061026771fba11fd1b18ea8,false,true,0,0,0,0,0,0
0xeb7b21e271f61caae18d1622d7302eee70f59551,false,true,0,0,0,0,0,0
0xee909fb511160452e904a12d0a3eee5f939d5204,false,true,0,0,0,0,0,0
0xf4030cd3b27e279d011c88e6073ee6b903b83d36,false,true,0,0,0,0,0,0
0xf45dcd8208306608c8f750335f2c1daef4850105,true,true,0,0,0,0,0,0
0xf9bbf41039af2d6be2a033c55eea3becad17bfbb,false,true,0,0,0,0,0,0
0xfd184b39cd9152a09c1c895cafd7efcd93dbbad1,false,true,0,0,0,0,0,0
